,c1,c2,r1,r2,w1,max_P,utility,inertia,reliability
0,0.05422634381052014,-1.3829692124724173,0.0006180037012011863,1.3180615770463042,0.9487422654053417,2.060713668881164,1.7000436121480709,0.0519,0.5536
1,-0.04342079540283349,-1.2131637037821896,0.12817785893471817,1.4825306991966192,0.9475426849035579,1.8799544352620934,1.5028891651180087,0.0197,0.5889
2,-0.0165640435728814,1.1883445038586118,0.10214973885067827,1.4617018004259805,0.9459083436246151,1.3666683170869716,1.300086331187123,0.0197,0.7626
3,0.054993827185723605,-0.6177370031804852,0.002308100662628938,1.211018235404881,0.9455220076474259,2.060616310880478,1.4432930857929192,0.2027,0.5536
4,0.02008913171794783,-0.7874109771928711,0.06707445133161025,0.9763389017306744,0.9543930211452343,1.7463670088417103,1.4029019726736158,0.0197,0.6253
5,-0.03847870004852087,-0.10088119825376962,0.12922382479171207,1.0906667232814582,0.822383921107195,0.1552007742978849,1.2298680723696087,0.0197,1.0
6,0.0244456886843499,-0.6205744310780451,0.10036982209437494,1.1613880661849278,0.4841718944361656,1.9933616252886157,1.6284718578564088,0.0001,0.5629
7,0.054993827185723605,-1.1593201946757956,0.0017663454196513453,1.1594794826157335,0.9482664000969719,2.060454410759735,1.643987930822998,0.1335,0.5536
